{
  "model": "yolov10s",
  "timestamp": "2026-01-07T15:00:30.525089",
  "mAP50": 0.6813435649941368,
  "mAP50-95": 0.36948029935017396,
  "precision": 0.7248982124745466,
  "recall": 0.6214778717609573
}