{
  "model": "yolov8s",
  "timestamp": "2026-01-07T13:24:17.758608",
  "mAP50": 0.791640564502586,
  "mAP50-95": 0.4470275976473748,
  "precision": 0.7837892895630091,
  "recall": 0.7169811320754716
}