{
  "model": "yolov9c",
  "timestamp": "2026-01-07T14:24:39.958495",
  "mAP50": 0.7013642768997099,
  "mAP50-95": 0.34475109217545036,
  "precision": 0.8567770568026108,
  "recall": 0.6037735849056604
}