{
  "model": "yolov11s",
  "timestamp": "2026-01-08T13:10:51.210170",
  "mAP50": 0.773708509098816,
  "mAP50-95": 0.4192394981698221,
  "precision": 0.8480801660423712,
  "recall": 0.660377358490566
}